AR9,AR16,DC05-06-2010,DC05-6-21,DC05-06-2029,SU 03-24,SU 03-25,DC 04-5-2,AM 076,99 RS 28,99 RS 65,DC 5-5-4,SJ-16,SJ-11,SJ-57,DC 5-6-28,CP1,CP7,CP10,CP14,CP17,CP18,CP21,CP22,CP23,CP103,CP107,CP212,CP702,CP705,CM016,AM1,AM2,AM3,AM4,CT1,CT4,CT6,CT7,CT8,CT9,CT10,CT11,CT13,EO1,EO3,E04,EO5,EO6,EO2,Romero2013
996.2558517,113.1500496,1254.425124172022,491.5813009035276,645.672622947913,1036.3462067271146,1089.6848271963315,1051.6618493038543,1032.2126327549033,1040.3443053900996,1954.6853414164325,1152.0881206256022,931.5391203917288,954.6654134534276,697.2764609601494,221.193873977748,204.3,220.9,221.1,216.2,202.7,521.9,223,214.4,213.3,446.4,221.7,221.5,228.6,221.1,234.810370016807,221,210.3,234.3,220.9,230,289.1,306.5,322,224.5,308.2,329.8,340.3,211.5,362,1046,573,448,1628,841,304
995.2669594,117.0435895,1227.1357946755713,534.8346124974973,559.0565705660108,1029.055689345877,1151.8094896972964,1774.9357341158259,969.4223116254236,912.1407184561269,1820.1793886438295,1234.704810499638,943.1278617400599,975.1994140147971,756.2264259337476,225.0121910448999,228.5,226,522.1,389.6,211.5,565.5,235.9,222,214.4,209.4,225.1,224.1,270.3,540.3,255.878058325224,222.2,211,234.6,221.2,271.6,319.2,317.2,339.4,560.3,307,331.2,347.4,214.7,1970,706,690,591,623,624,465
989.3934198,120.0368462,456.75651507383117,554.44886375657,1971.8035172092286,1250.4950504407918,1046.6623078931168,752.642297160329,478.02183522372627,2513.6359990648434,405.3526448789128,1267.9074118601625,946.4787253587448,985.9462873094362,765.8115870975378,225.58769394133753,412.8,229,538.7,497.4,215.9,739.8,260.5,229.4,215.5,215.6,317.8,224.5,448.1,635.2,413.739601983753,440.5,211.4,239.2,221.8,493.1,372.6,325,347,560.6,336.3,342.1,348.2,214.9,738,1014,569,566,689,1556,474
978.3405217,122.5757195,1997.6708749698398,1128.9399176997297,1172.803290787295,1068.121130608212,967.715289099828,1183.4499705308842,1057.180809125871,586.1811111504946,1386.2279012553788,1310.0183949422214,975.5393124611038,986.2897162337179,775.556610829426,225.68281682683775,537.1,230.4,551.7,499.8,217,976.9,269.9,239.5,220.3,216.1,456.7,225.9,517.6,1046,566.773689719433,485.4,216.5,243.5,221.9,524.9,400.9,330.4,371.4,579.3,374.9,349.6,350.5,217.6,1024,944,2906,898,604,1042,513
966.0593404,124.0544777,1975.3750774884943,517.7088458961919,1471.948191016964,2867.567930776257,2203.1462742110207,1327.5957546878271,478.253269796595,542.5373518386014,1159.820062065926,1200.1482185958243,981.0342712541463,997.9970731908453,781.9995321124773,227.74519469403455,732.4,241.3,555.1,508.5,218.7,1100.7,343.3,241,221,216.3,463.8,229.1,575.8,NA,572.065198375794,499.1,217.6,244.2,222.1,551.6,450.6,335.8,372.7,580.7,377.9,350.5,352.1,218.3,753,668,603,513,400,588,514
950.9030053,332.5347084,497.27756752225537,1810.6185225479471,985.1519072637677,1053.6598457856185,652.645573699699,1011.6327694438863,1189.9497948444998,1098.9015625890042,368.0825758911205,1125.8339779284809,996.497048398984,1014.1826789572783,789.4408791100826,227.92573738587274,765.6,275.3,557.8,508.8,224.7,1533.5,397.2,248.6,221.5,219.3,529.2,229.2,586.4,NA,580.539887048116,519.5,220.4,251.5,223,552.7,465.9,447.1,475.1,608.8,463.2,350.6,429.5,218.9,389,580,559,452,620,1702,523
918.2020197,345.9621815,1182.6519671476124,1750.5495780591725,689.6582503988867,481.4579322824158,1224.8328785086273,1155.374756673926,1751.9713193068142,535.7136473942732,540.9866636299995,1227.7688931503674,1008.6749814009598,1015.7924474804793,796.7541604514485,230.4547700921673,1507.8,455.9,561.7,520.3,226.5,2065.5,455.6,258.7,229.5,221.7,572.9,229.3,920.6,NA,644.611994954468,520.4,230.7,288.3,232.3,564.6,472.4,449.2,475.8,639.4,469.5,351.6,488.2,221.2,675,850,535,511,491,586,539
906.5457103,375.2632222,1871.819964227684,604.312983902132,605.9317321866228,540.0060785703496,472.9146529352539,1504.9506794519775,1131.7218845034238,1010.2054965826648,790.6550066516673,1234.3018037088789,1009.4236011478646,1021.6406106806427,799.7769669067706,232.8128593295126,1654.5,485.5,575.1,529.8,226.6,2719.7,457.7,260.3,235.4,228.4,698.4,230.9,NA,NA,781.948968197819,524.4,230.8,396.3,232.8,621.4,483.1,456.7,476.1,766.3,469.9,352,492.9,221.4,435,986,2739,2744,2807,1212,556
899.4234143,385.0977213,1208.6288579691145,600.2388756208826,615.7695482089206,1021.7128039435922,1216.8133284562819,1479.9090065058042,538.5274844912722,691.8124642092853,1292.8951777588638,1277.5321598522123,1012.5121074548084,1058.5381835684145,804.9552361622602,233.1156313352353,NA,508.6,575.5,535.1,226.7,NA,483.4,273.6,355,280.1,862,233.4,NA,NA,850.615997193803,524.8,232,466.5,233.2,632.1,485.4,459.8,476.4,NA,470.2,356,507.6,221.7,394,583,552,971,569,554,580
790.3068679,444.7667971,780.1435463653727,1387.1479417358157,2075.0081743873166,2738.2055429272255,NA,1239.758358957164,1142.5555838461833,645.8648085850858,1217.6834678614423,1263.4914067544662,1012.9485906918776,1085.379164682009,817.0287155405448,233.146505774314,NA,519.3,588,536.9,227.6,NA,485.2,325.1,538.2,296.7,953.4,239,NA,NA,923.566516440563,541.5,232.3,469.6,237.5,637.6,487.6,461,476.9,NA,471.2,360,513.3,222.7,426,1160,1036,357,937,899,801
706.4758934,447.7709841,1174.3567393982796,1367.7627320759252,983.6866849748501,589.1794254004654,NA,1273.235754501203,461.41140255119416,649.8073668056413,563.2709951220156,1201.464645182511,1015.7566711453352,1087.6089164193197,829.2916467194449,233.28291958603106,NA,523.6,601.6,538,228.5,NA,490.6,406.1,560.2,314.9,1212.3,240.7,NA,NA,1126.77649048624,558,233.8,478.7,250.2,653.7,494.9,461.5,500.1,NA,472.7,398.3,536.9,222.9,3317,757,1260,544,1093,973,824
674.729194,474.6187374,1186.1989293818024,668.0435974587857,932.7110687087898,1034.9359472872502,NA,1161.778532830373,477.4229652272639,2589.6060673820925,1001.9336696476753,1077.024271994601,1017.0667190998871,1090.6899988281039,904.9825474469187,237.8159906196342,NA,538.7,622.9,539.3,242.2,NA,503.1,410.3,603.7,444.2,1536.1,244.7,NA,NA,NA,569.2,236.1,478.9,269.7,672.2,519.1,461.7,511.2,NA,473.1,402.3,539.6,223.7,857,796,521,799,712,1187,909
642.3849448,477.1935394,2017.0054944770402,1842.0333324778023,547.0788314952189,976.7296558575458,NA,1310.048848882002,1313.0852893091733,541.7914939874614,1020.3839567891227,1096.7151577894958,1022.1420311120461,1090.7115519404028,945.145996486087,432.53137329556546,NA,547.8,636.7,540.1,243.5,NA,516.8,481.9,776.2,476.7,2640,245.7,NA,NA,NA,576.2,250.3,505.1,316.3,710.9,526,464.2,550.5,NA,491.1,424.3,541,223.8,708,581,512,1193,2000,553,997
629.4122619,498.4649075,1388.3939383546165,1730.395970132162,609.5901430101912,611.3521956601357,NA,1427.8801645997178,1166.238542749384,960.2688702104939,1190.7190197051914,1070.7777626154118,1032.8168668259525,1093.3543695467733,975.1071092572689,465.3329981156851,NA,549.2,713.4,545.2,249.2,NA,531.8,482.1,884.5,505.7,NA,254.5,NA,NA,NA,581.4,261.5,512.6,369,814.9,549.1,474.1,552.4,NA,495,440.9,541,223.8,654,661,538,605,367,919,1006
621.6114564,501.7648173,1381.1357503855609,1167.0136985638778,2073.114546743423,1140.3115820325463,NA,634.0318014331519,493.3762360168468,577.6182592176065,461.22790550582255,1072.1826396175595,1040.4515874424787,1099.86289562556,990.0472448126133,477.0683581946739,NA,581.8,806,547.8,253.3,NA,542.2,512.6,939.5,519.5,NA,255.7,NA,NA,NA,596.1,324.9,534.3,478.8,896.5,635.3,477.2,570.2,NA,509.5,441.1,547,223.9,1032,1078,524,557,595,571,1371
532.6366304,503.0738377,1377.8498219522523,1234.4536554903302,506.7215682341989,644.3912348719588,NA,668.983914301652,1216.5476762289245,616.5351994160662,1935.7613284671595,1185.5390870093001,1047.0268238764052,1105.5616062954828,992.4417396675728,489.3711018949704,NA,598.4,930.8,556.1,270.5,NA,548.7,512.9,978.2,534.5,NA,263.3,NA,NA,NA,599.6,430.9,535.6,482.2,932.8,635.8,492,599.3,NA,509.7,441.9,572.6,224,653,688,643,558,534,475,1812
349.0685982,503.5126684,2134.108710245948,933.5731975697138,1339.2425653759963,1016.0830039956126,NA,1156.3988036989813,1115.8013704486739,775.1919045456749,1037.5940818481317,1078.6020510319047,1047.1026919308144,1115.3166552504936,994.8407269222761,508.5991048413856,NA,603,958.1,558.6,282.1,NA,552,517.1,1084.4,546.9,NA,318.1,NA,NA,NA,599.7,499.1,555.2,507.9,975.4,643.4,495.1,599.5,NA,513,442.6,581.4,224.2,928,586,1104,1102,560,2252,1847
247.5238131,504.7233307,1347.148184835837,563.2366158827856,1967.2552154157754,1033.7086355522363,NA,1963.387359293883,1216.0599378576019,576.8913784562535,1024.5805751238881,1058.8595848940092,1048.814722223734,1117.343548084447,998.2991232132846,560.3078818758589,NA,626.8,961.2,562,500.5,NA,553.7,529.3,1078.7,548.3,NA,347.1,NA,NA,NA,601.6,499.2,569.5,511.7,1049.9,738.9,506.9,603.9,NA,523.1,455.3,600.4,224.6,388,644,514,365,802,980,1988
171.7301463,506.3724021,1169.126278404297,659.8356894540221,1967.7916078005194,1095.9899893782806,NA,1046.301706561089,1214.014457008058,687.2993324236509,503.82840080162555,1091.5709604630745,1055.5002807659,1122.3686970513725,1004.4405716288765,597.2961678685641,NA,627.1,983.7,574,546.1,NA,567.7,530.2,NA,602.3,NA,358.7,NA,NA,NA,603.2,506.5,571.7,520.7,1024,768.6,509.4,604.8,NA,523.7,456.8,604.1,224.7,481,596,577,579,1013,1204,2519
154.3520472,507.1024399,464.99689559802914,645.423767525179,1427.829138288429,1048.9720102118652,NA,1450.2138355562709,1099.5596012694634,1061.1711689838417,470.31748713471035,1072.0543753168645,1079.4717328463398,1126.025023316957,1014.6654195589164,604.0096748673284,NA,658.9,1045.9,578.9,548.1,NA,570.6,553.5,NA,616.2,NA,373.4,NA,NA,NA,622.5,522.3,575.1,522.7,994.6,785.7,513.1,683.1,NA,524.9,458.4,681.9,NA,628,1077,608,789,906,715,NA
2914.550632,508.34488700000003,1157.430028713062,555.3965557022354,690.022283352014,962.6958513803213,NA,1545.2346558460072,823.6022118812576,778.6505165032345,942.412290884411,1106.2599584673042,1083.4326341075648,1134.9099984333895,1032.9378431243376,644.6503616372099,NA,662.2,1161,592.6,553.2,NA,574.2,565.4,NA,740.3,NA,446.8,NA,NA,NA,630.6,524.7,578.6,525.5,1077.9,802.4,517.6,1037.8,NA,528.6,460.9,686.5,NA,237,874,558,601,1088,396,NA
2694.834617,514.5587903,1158.0924921980693,541.3149776822008,2034.5800028151,520.9225928686193,NA,974.5244226030095,1162.2662707870597,1092.6957164241892,821.4662564234725,1184.1051452369497,1086.2433855476488,1139.366732550334,1039.3539010891623,876.7800175153295,NA,670.2,1051.3,616.9,555.9,NA,606.8,567,NA,830.4,NA,459.4,NA,NA,NA,631.4,551.6,579.6,527.3,1330.9,812.2,518.3,1042.9,NA,529.8,472.4,692.9,NA,427,974,564,1039,696,1367,NA
2099.651938,514.6357924,1195.8064595482472,1683.2239960814172,641.5539200708988,940.8898115660024,NA,1619.48324157726,1179.1806994462952,583.1508098833508,1161.9660233967984,1146.867519492532,1089.422304934871,1139.817562585535,1040.7590112998214,958.0470004762169,NA,695.5,1149.7,617.2,556.1,NA,626.4,567.4,NA,852.1,NA,491.6,NA,NA,NA,676.9,551.8,579.6,545.4,1139.4,906.9,526.3,1039.6,NA,532.5,510.9,735.6,NA,710,2227,579,929,396,771,NA
2096.339507,515.7854083,1172.9648773784597,491.0108567652749,1695.1201103241897,2651.879518161571,NA,514.3222402431197,1177.4866492063302,787.5006890250294,926.1895046616593,890.7216487838276,1094.4851142905682,1140.5198536250336,1046.076349614911,968.5184499326963,NA,865.5,1396.7,634.8,560.6,NA,628.3,580,NA,852.6,NA,549.3,NA,NA,NA,684.9,566.7,579.6,548.1,1310.7,942.3,537.4,1036,NA,535.5,513.7,745.5,NA,410,573,613,852,NA,1482,NA
2030.619574,516.972111,1107.7930072418235,543.0428871768041,1522.5022634703107,490.54999895587656,NA,614.5362552761177,1255.2903686144448,560.9032000134281,524.1267924911533,944.1912606017463,1099.922821231075,1141.7743149552423,1054.4384224645594,1015.979109590098,NA,881.4,1553.7,641.5,563.1,NA,634.2,588.6,NA,890.7,NA,549.4,NA,NA,NA,698.7,666.2,583.5,550.3,1299.3,960,537.7,1036.9,NA,536.2,516.3,809.7,NA,466,496,572,686,NA,1617,NA
1919.565752,518.7370198,1093.6689560032557,944.8828726440598,1463.200224872943,555.4745383513341,NA,1663.8212046968067,1003.8571968066864,668.3056777152946,746.1410963907434,1672.3721412617615,1106.973892929948,1149.7677430693052,1054.8146375802457,1026.680391673534,NA,916.2,1841.1,656.6,565.5,NA,702.3,601,NA,1069.6,NA,551,NA,NA,NA,832.8,731.6,583.8,558.9,1199.8,997.4,537.8,1169.7,NA,565.4,519.6,823.2,NA,535,541,601,835,NA,1632,NA
1911.475601,533.2867401,1198.7017495029572,550.9325450716499,622.2679041049341,591.0818685304969,NA,2018.564134313371,481.2567795749996,996.4878094097062,1257.8610671088206,1065.399503488947,1114.0673517335813,1154.66088756777,1065.303343906201,1099.559713978354,NA,943,1722,659.5,584.8,NA,707.7,602.4,NA,1065.6,NA,574,NA,NA,NA,925.6,738.8,587.1,563.9,1447.8,1234.1,541.8,1371.3,NA,565.4,519.8,846.8,NA,591,1055,694,633,NA,2039,NA
1892.777517,540.5527991,1100.8524434450626,515.8788576570707,522.7455198777334,1161.9722935388545,NA,1031.7130990887454,488.247503124634,990.4070321025096,982.1064810292694,1051.5401184458972,1121.5844413904294,1157.3929728818987,1076.2842886249894,NA,NA,945.1,1907.5,671,611.1,NA,758.4,631.2,NA,1081.7,NA,575.9,NA,NA,NA,997.3,788.2,590.5,584.8,1211,1370.2,574,1228.8,NA,569.3,520.4,931.8,NA,281,2697,920,2664,NA,561,NA
1823.783105,543.771693,522.1447327423566,523.7810350543848,549.1858534891629,503.2718578273793,NA,512.6413179564078,1147.911803216072,551.0579159407014,1186.8364660000698,1042.3887263237534,1124.893618219614,1161.7351142889656,1081.7313269029232,NA,NA,952.4,1983.5,679.3,631.4,NA,801.3,643.8,NA,1426.2,NA,600,NA,NA,NA,1063.7,794.7,595.6,587.8,1568.5,1348.3,574.6,1534.5,NA,569.4,520.6,982,NA,778,391,592,778,NA,626,NA
1822.019139,545.3244809,1200.1159175272726,627.2589444031136,573.0462248763062,944.2027829860367,NA,1465.5171222728054,1002.4153257037267,668.1276125715932,1049.1340696413822,1101.2533607301884,1145.9930178860768,1164.8648737407784,1100.7398695440104,NA,NA,986.5,NA,712.9,634.3,NA,814.9,838.8,NA,1382.5,NA,605.8,NA,NA,NA,1076.7,811.3,603.6,592,1965.4,1081.7,576.9,1842.1,NA,585.4,520.7,1098.3,NA,841,984,710,576,NA,1603,NA
1763.152998,552.4648331,1995.1418687630846,1167.722861379619,562.352313703226,487.20720299002676,NA,1122.3999714875265,1100.6451160655151,726.2740752298737,605.2762794960379,1063.5866001558245,1156.6058433317708,1168.8817908140106,1117.165217534318,NA,NA,998.6,NA,756.8,797.3,NA,869.8,865.4,NA,1503.2,NA,632.5,NA,NA,NA,1169.7,827.3,604,598.4,2392.1,1139.2,586.7,2479.7,NA,623,520.8,1048.4,NA,580,638,698,878,NA,2033,NA
1691.734553,554.2815055,1383.3182345263353,2031.1274147125432,1011.0631885385635,1018.4954510342448,NA,1278.5142733507319,1155.2089775822876,712.1464787210004,808.396835372327,1227.107982830545,1162.2793337127105,1176.3250741157651,1133.340679406633,NA,NA,1031.8,NA,809.8,871.6,NA,870.7,910.2,NA,1513,NA,649.7,NA,NA,NA,1285,907.9,620.7,600.1,2691.3,1144,611.9,NA,NA,624.3,521,1086.2,NA,233,567,1146,626,NA,2044,NA
1687.771093,554.5477425,1847.2835045703102,522.2894223940468,979.3754822075803,539.4125696041133,NA,654.4181422105312,775.1919045456749,974.174721314947,864.1599994400999,1181.6864001984136,1163.5359140892135,1178.5951134624615,1135.3329348305879,NA,NA,1011.5,NA,846.7,877.6,NA,920,947.1,NA,1535,NA,805,NA,NA,NA,1548.8,913.9,634.3,600.9,2619,1160,677.2,NA,NA,624.5,525.1,1055.8,NA,616,3064,580,586,NA,1160,NA
1675.574781,555.9290076,1852.66592558019,523.4880113828489,754.7289585917966,970.2703975900191,NA,649.5727007175338,1131.0819812338887,842.5476250137041,1191.289137139254,1256.9134433546383,1165.0593495947153,1179.2047701569454,1139.9356567005361,NA,NA,1150.3,NA,854.5,883.1,NA,967,954.5,NA,1858.1,NA,805.1,NA,NA,NA,1578.3,1255.1,639.8,602.8,NA,1164,680.5,NA,NA,626.1,525.2,1078.5,NA,216,533,1098,595,NA,2155,NA
1661.758271,559.85263,1128.8194371461527,597.4722905926001,1021.0086564652952,522.5137891605918,NA,720.6206297920254,576.8913784562535,994.5673259655547,987.890574323158,1121.7515057816067,1165.2794054139342,1179.8764729583215,1158.693225277157,NA,NA,1085.3,NA,893.4,899.9,NA,988.8,1062.4,NA,NA,NA,993.6,NA,NA,NA,1960,1281.9,649,603.9,NA,1143.4,712.5,NA,NA,633.6,525.7,1075.9,NA,1076,542,660,950,NA,2567,NA
1656.588356,565.5907684,1169.8925621373226,591.4313337937613,565.2271394370022,1053.1805543571984,NA,1253.3117864695016,939.8891361442136,367.0438085094599,509.0250882617121,1131.1641335509662,1167.9849249712966,1181.2013109821137,1163.4994789930258,NA,NA,1184.8,NA,910.6,982.9,NA,1040.8,1092.8,NA,NA,NA,1050.6,NA,NA,NA,2627.4,1641,649.2,604,NA,1170.3,728.7,NA,NA,694.8,526.6,1230.9,NA,300,1113,2777,669,NA,2445,NA
1638.846236,565.6172543,997.9108313731923,613.1161760212192,559.1772176134172,344.5972539725386,NA,1837.401497996551,687.2993324236509,550.7417455227128,1042.9503229904878,990.6033493503393,1171.852252501153,1183.3521540108547,1185.882486381618,NA,NA,1197.7,NA,974.1,992.3,NA,1213.8,1004.1,NA,NA,NA,1031,NA,NA,NA,2702.5,1750.2,658.8,669.5,NA,1161.8,769.3,NA,NA,779,527.3,1772.9,NA,396,619,640,556,NA,567,NA
1636.872552,567.5200081,1219.2405088900123,1126.9374939821073,1116.7272104976948,785.2905484826355,NA,1652.1239670274408,1061.1711689838417,615.400468977366,1117.7749621423056,1130.1172551799395,1176.569501322104,1186.6574949479577,1189.67571515915,NA,NA,1157.1,NA,989.7,1003.1,NA,1236.8,1176.1,NA,NA,NA,1087.6,NA,NA,NA,2709,2167.7,661.6,705.7,NA,1160.9,771.5,NA,NA,858.6,528.7,1769.4,NA,476,NA,945,1093,NA,899,NA
1628.488599,572.5761535,1233.3109810990327,1105.1903660450448,516.4575121673786,554.7349541407747,NA,617.7122957422907,1079.5728596445854,777.3603011883812,1175.0352614015437,1178.279560120054,1178.0904653337132,1187.3641566549338,1205.402147075703,NA,NA,1163.6,NA,993.3,1168.3,NA,1471.7,1051.3,NA,NA,NA,1100.4,NA,NA,NA,NA,NA,668.3,737.8,NA,1253.2,777.4,NA,NA,895.5,551.7,1792.5,NA,821,NA,1029,NA,NA,NA,NA
1619.899787,580.6318501,1055.8018307915238,1341.0727735005337,1896.889138167696,986.5477655185134,NA,1425.451810351561,1074.0155065090935,583.6607186073019,1203.6258201124622,935.2529517050434,1179.0853092989353,1187.8109166280694,1211.0077455396877,NA,NA,1483.7,NA,1023.7,1221.2,NA,1345.7,1092.9,NA,NA,NA,1217.2,NA,NA,NA,NA,NA,671.3,757,NA,1259.7,888.1,NA,NA,897.1,554.4,1679.3,NA,535,NA,532,NA,NA,NA,NA
1603.378326,581.2317698,454.7797350545484,1157.2199084767083,1162.7511093499274,1494.8611001406346,NA,1933.6482678721611,778.6505165032345,637.8803527634693,638.4932172166373,1212.191054522654,1180.0562070744088,1189.8644707113883,1212.3137370449194,NA,NA,1501.8,NA,1031.1,1816.3,NA,1788,1146.7,NA,NA,NA,1200.3,NA,NA,NA,NA,NA,693,757.5,NA,1427.5,891.3,NA,NA,948,557.3,1894.9,NA,420,NA,NA,NA,NA,NA,NA
1592.484007,583.9885912,1859.4033957366462,1342.0371511750611,615.2688982599147,2607.9237619930263,NA,638.9851098342009,677.678584231892,1091.6082628855559,483.6539312437442,1128.4935621602408,1180.3245625051995,1196.1280111367878,1217.6602823768465,NA,NA,1578.6,NA,995.1,1522.7,NA,1606,1099.4,NA,NA,NA,1373.3,NA,NA,NA,NA,NA,760.3,795.8,NA,1436.5,913.2,NA,NA,948.9,557.9,2687.7,NA,1250,NA,NA,NA,NA,NA,NA
1579.250421,584.1430403,1864.6639742840366,478.53098962379323,567.1095903028005,526.2297654041024,NA,1115.2026366424639,1092.6957164241892,623.6992567083323,1213.8643411133078,1087.7685957411404,1180.8773613602432,1198.7424312608218,1221.212742071502,NA,NA,1644.5,NA,997.8,1804.5,NA,2047.6,1104.4,NA,NA,NA,1582.8,NA,NA,NA,NA,NA,766.2,803.6,NA,1735.9,923.2,NA,NA,949.3,558.7,2726.4,NA,251,NA,NA,NA,NA,NA,NA
1575.932706,584.6021771,1039.7794026349284,2535.6118998767047,1387.232814723248,1059.9698670855125,NA,2075.0571921836154,583.1508098833508,746.3678807481086,900.3761024646417,912.3773456037904,1182.7722346778355,1210.9478449975152,1221.632908313742,NA,NA,1561.2,NA,1184,2760.2,NA,1820.3,1372.6,NA,NA,NA,1682.4,NA,NA,NA,NA,NA,777.4,818.7,NA,1986.3,933,NA,NA,960.8,558.7,3165.9,NA,236,NA,NA,NA,NA,NA,NA
1571.791394,586.1032406,1056.7070045275505,1754.33415437202,1087.9065472246205,655.6543010517421,NA,2034.4900580738981,468.2840211648078,1028.2597310952995,610.3601856766085,1008.6215061331939,1185.359849549582,1242.6473732241593,1226.1147592264028,NA,NA,1549.8,NA,1122.4,NA,NA,2131.3,1545.9,NA,NA,NA,2022.2,NA,NA,NA,NA,NA,779.4,823.2,NA,2147.4,933.8,NA,NA,985,559.1,NA,NA,1001,NA,NA,NA,NA,NA,NA
1567.211027,588.8400399,1796.438774975116,1218.2436547555553,1339.1940519515053,427.4869998794566,NA,1175.4061559232107,787.5006890250294,555.0285938204,1032.604376303756,1157.7678544754594,1186.884770769921,NA,1226.4473780442568,NA,NA,1682.9,NA,1220.1,NA,NA,1916.8,1908.4,NA,NA,NA,2178.4,NA,NA,NA,NA,NA,897.5,897.6,NA,2721.3,942.8,NA,NA,1050.5,559.4,NA,NA,225,NA,NA,NA,NA,NA,NA
1555.692225,589.7830689,1841.2294275113688,595.5927199734009,581.048327977068,534.2937111830639,NA,1476.4400557857846,560.9032000134281,581.118040911387,1069.5113806952,979.3949566649759,1187.569821993436,NA,1230.9020948764617,NA,NA,1825.6,NA,1130.2,NA,NA,1907.6,2065.1,NA,NA,NA,NA,NA,NA,NA,NA,NA,905.9,900.9,NA,2715.7,1034.5,NA,NA,1026.6,559.5,NA,NA,988,NA,NA,NA,NA,NA,NA
1541.536375,595.7911328,1313.4267318387601,535.7370162100169,1699.3119488794139,1840.3238757875952,NA,921.8414702065314,664.8178413963516,477.24234710142093,2588.674826385316,1445.6198663421999,1190.0381891752334,NA,1236.3065972306113,NA,NA,1898.5,NA,1178.2,NA,NA,2082.9,3356.3,NA,NA,NA,NA,NA,NA,NA,NA,NA,907.9,917.3,NA,NA,1018.2,NA,NA,1074.7,559.7,NA,NA,1076,NA,NA,NA,NA,NA,NA
1530.598843,600.5980838,1310.9741570927547,618.3140777184288,619.0819257361519,542.0943015761729,NA,472.97315853831043,852.5298046571255,575.8070545858542,1081.386044433369,1271.1182568044792,1192.3901180390706,NA,1239.9925873105676,NA,NA,2062.6,NA,1208.6,NA,NA,2037.1,NA,NA,NA,NA,NA,NA,NA,NA,NA,NA,935,943.1,NA,NA,1078.5,NA,NA,1045.2,560.2,NA,NA,1142,NA,NA,NA,NA,NA,NA
1526.12481,608.602313,1740.5954461082622,610.5597917637392,706.9747080939404,582.6191181419823,NA,NA,1257.6074250513698,NA,1239.3725274471221,1253.4398281947852,1192.43712957331,NA,1252.8890571810257,NA,NA,2465.7,NA,1243.4,NA,NA,2622,NA,NA,NA,NA,NA,NA,NA,NA,NA,NA,943,950.7,NA,NA,1041.3,NA,NA,1026.2,560.6,NA,NA,478,NA,NA,NA,NA,NA,NA
1525.349282,609.3691227,1839.4170176249195,1087.6904456218665,1826.3055573072472,1063.5633452039535,NA,NA,1115.266004134615,NA,NA,1020.9224066892684,1192.5141770898274,NA,1254.7004733938584,NA,NA,2681.2,NA,1371,NA,NA,2696.4,NA,NA,NA,NA,NA,NA,NA,NA,NA,NA,945.1,951.8,NA,NA,1060.8,NA,NA,1038.7,560.7,NA,NA,527,NA,NA,NA,NA,NA,NA
1517.152063,609.8882605,1872.0236349646177,1167.6500795497632,1888.389899837028,525.8749120873994,NA,NA,1025.27300853105,NA,NA,1038.2659376221914,1193.5094331850755,NA,1287.0140472976418,NA,NA,NA,NA,1338.6,NA,NA,2692.6,NA,NA,NA,NA,NA,NA,NA,NA,NA,NA,981.9,968.6,NA,NA,1265.5,NA,NA,1135.1,573.5,NA,NA,949,NA,NA,NA,NA,NA,NA
1502.374967,611.1927284,1197.4068877257232,1189.5969909580328,1009.5155965229058,1103.3956653339428,NA,NA,909.0057866817431,NA,NA,956.2291489082754,1197.7324271526247,NA,1300.610425989972,NA,NA,NA,NA,1288.6,NA,NA,NA,NA,NA,NA,NA,NA,NA,NA,NA,NA,NA,1023.4,975.3,NA,NA,1241.3,NA,NA,1173.3,600.7,NA,NA,311,NA,NA,NA,NA,NA,NA
1501.014268,612.3445441,1449.8154530584936,2035.057710866333,1918.9501233141316,960.5452998843544,NA,NA,1343.952931752814,NA,NA,1083.7639400325704,1200.3528855474588,NA,1666.7864387166642,NA,NA,NA,NA,1579.9,NA,NA,NA,NA,NA,NA,NA,NA,NA,NA,NA,NA,NA,1054.3,989.2,NA,NA,1091.6,NA,NA,1121.7,601.5,NA,NA,309,NA,NA,NA,NA,NA,NA
1498.61857,613.9878676,1448.8040861071195,696.5340047037466,535.8764707077737,2522.684739387449,NA,NA,508.8997538388784,NA,NA,1229.1258955717053,1201.2208436182616,NA,1762.2268160855942,NA,NA,NA,NA,1514.7,NA,NA,NA,NA,NA,NA,NA,NA,NA,NA,NA,NA,NA,1162.5,994.7,NA,NA,1284.2,NA,NA,1153.8,602.2,NA,NA,445,NA,NA,NA,NA,NA,NA
1481.25501,621.0009026,1223.6786274788853,976.7122491088074,887.2539478897372,1791.4817629426861,NA,NA,492.83709554020135,NA,NA,1239.5194989048084,1206.7274462499383,NA,1817.7798236951899,NA,NA,NA,NA,1739.8,NA,NA,NA,NA,NA,NA,NA,NA,NA,NA,NA,NA,NA,1626,995,NA,NA,1154.6,NA,NA,1767.9,604.1,NA,NA,421,NA,NA,NA,NA,NA,NA
1467.631534,621.1342783,477.6845491885264,955.6541940227785,1343.3791592198686,NA,NA,NA,894.0957197951645,NA,NA,1096.1108500959854,1208.617921819328,NA,1847.416850694975,NA,NA,NA,NA,1742.5,NA,NA,NA,NA,NA,NA,NA,NA,NA,NA,NA,NA,NA,1702.3,1002.9,NA,NA,1177.5,NA,NA,1868.4,637.4,NA,NA,459,NA,NA,NA,NA,NA,NA
1466.905467,627.7883105,487.04938253704336,976.1056160278781,1389.9874879452186,NA,NA,NA,483.7480464354975,NA,NA,1200.5062904832769,1209.9405121237805,NA,1861.9751012554595,NA,NA,NA,NA,2096.9,NA,NA,NA,NA,NA,NA,NA,NA,NA,NA,NA,NA,NA,1975.7,1056.3,NA,NA,1153.8,NA,NA,1873.1,639.5,NA,NA,421,NA,NA,NA,NA,NA,NA
1465.338011,635.5414863,499.3465993971676,915.0797517378966,567.5285403807209,NA,NA,NA,465.25720125320106,NA,NA,1108.567643905379,1217.989350362115,NA,1872.2765930314683,NA,NA,NA,NA,1869.8,NA,NA,NA,NA,NA,NA,NA,NA,NA,NA,NA,NA,NA,2005.3,1078.8,NA,NA,1189.2,NA,NA,2589,639.7,NA,NA,NA,NA,NA,NA,NA,NA,NA
1462.686006,642.6452706,508.1382094963527,614.0071880876768,1013.3031979426818,NA,NA,NA,1164.394657883263,NA,NA,1180.1192158612691,1220.1936790937623,NA,1874.4637211619072,NA,NA,NA,NA,2145.6,NA,NA,NA,NA,NA,NA,NA,NA,NA,NA,NA,NA,NA,2720.6,1091.3,NA,NA,1173.4,NA,NA,2731.5,640.4,NA,NA,NA,NA,NA,NA,NA,NA,NA
1452.471111,648.0843374,1187.0230175290533,505.4235064018691,545.5939620975162,NA,NA,NA,1682.6879992146437,NA,NA,1268.5950159990418,1221.469644575861,NA,NA,NA,NA,NA,NA,2133.5,NA,NA,NA,NA,NA,NA,NA,NA,NA,NA,NA,NA,NA,2777.3,1147.4,NA,NA,1189.3,NA,NA,2686.8,837.7,NA,NA,NA,NA,NA,NA,NA,NA,NA
1431.78266,648.5905172,1106.4039417367183,565.1834203223011,1104.6859547290185,NA,NA,NA,1275.2759234419163,NA,NA,857.449271964751,1240.802542377818,NA,NA,NA,NA,NA,NA,2635.6,NA,NA,NA,NA,NA,NA,NA,NA,NA,NA,NA,NA,NA,NA,1168.2,NA,NA,1201.9,NA,NA,2686,907.1,NA,NA,NA,NA,NA,NA,NA,NA,NA
1421.252812,649.7959776,1094.6409450656822,1054.866508021385,766.0463058430227,NA,NA,NA,1226.325267758497,NA,NA,1101.2361450583649,1290.7615029170477,NA,NA,NA,NA,NA,NA,2466.5,NA,NA,NA,NA,NA,NA,NA,NA,NA,NA,NA,NA,NA,NA,1322.6,NA,NA,1177.1,NA,NA,2716.6,1028.2,NA,NA,NA,NA,NA,NA,NA,NA,NA
1415.358919,653.6416898,1064.6021072661727,1111.7882076224066,609.4945605233395,NA,NA,NA,NA,NA,NA,943.0810270836083,1304.7194712854573,NA,NA,NA,NA,NA,NA,NA,NA,NA,NA,NA,NA,NA,NA,NA,NA,NA,NA,NA,NA,NA,1349.7,NA,NA,1244.6,NA,NA,NA,1077.2,NA,NA,NA,NA,NA,NA,NA,NA,NA
1410.488167,654.9103582,1792.1889261014644,508.6099910270737,609.0842563258209,NA,NA,NA,NA,NA,NA,848.9895660132831,1680.645005566415,NA,NA,NA,NA,NA,NA,NA,NA,NA,NA,NA,NA,NA,NA,NA,NA,NA,NA,NA,NA,NA,1431.6,NA,NA,1242.8,NA,NA,NA,1046.4,NA,NA,NA,NA,NA,NA,NA,NA,NA
1336.659663,659.6106871,582.4062770779831,1174.5762528780226,1442.4352196793038,NA,NA,NA,NA,NA,NA,1061.9235580040079,1728.1810645099565,NA,NA,NA,NA,NA,NA,NA,NA,NA,NA,NA,NA,NA,NA,NA,NA,NA,NA,NA,NA,NA,1513.8,NA,NA,1234.3,NA,NA,NA,1170.6,NA,NA,NA,NA,NA,NA,NA,NA,NA
1324.661895,666.8730751,1062.8554452436015,503.51695567380085,666.3901123820146,NA,NA,NA,NA,NA,NA,1047.5030570286865,1764.9951470335125,NA,NA,NA,NA,NA,NA,NA,NA,NA,NA,NA,NA,NA,NA,NA,NA,NA,NA,NA,NA,NA,1694.5,NA,NA,1600.8,NA,NA,NA,1107.7,NA,NA,NA,NA,NA,NA,NA,NA,NA
1322.539883,668.0502427,1085.1042576045568,678.3207713888246,568.5420856181236,NA,NA,NA,NA,NA,NA,1181.636127124309,1794.1004388359074,NA,NA,NA,NA,NA,NA,NA,NA,NA,NA,NA,NA,NA,NA,NA,NA,NA,NA,NA,NA,NA,1748.7,NA,NA,1331.3,NA,NA,NA,1121,NA,NA,NA,NA,NA,NA,NA,NA,NA
1319.410167,685.9860273,1264.6909562894896,593.6535678327393,1179.9689820875042,NA,NA,NA,NA,NA,NA,1186.2181982726095,1797.670781539668,NA,NA,NA,NA,NA,NA,NA,NA,NA,NA,NA,NA,NA,NA,NA,NA,NA,NA,NA,NA,NA,1773.3,NA,NA,1441.6,NA,NA,NA,1106.3,NA,NA,NA,NA,NA,NA,NA,NA,NA
1308.802707,690.3886774,1156.2552681183174,594.7195502718674,562.2186240574788,NA,NA,NA,NA,NA,NA,1164.3097591708508,NA,NA,NA,NA,NA,NA,NA,NA,NA,NA,NA,NA,NA,NA,NA,NA,NA,NA,NA,NA,NA,NA,2190.2,NA,NA,1539.7,NA,NA,NA,1101.9,NA,NA,NA,NA,NA,NA,NA,NA,NA
1259.503851,752.7245993,1199.4712895802672,506.8399152532713,1090.5080626700137,NA,NA,NA,NA,NA,NA,869.4110987863714,NA,NA,NA,NA,NA,NA,NA,NA,NA,NA,NA,NA,NA,NA,NA,NA,NA,NA,NA,NA,NA,NA,2742.8,NA,NA,1603.4,NA,NA,NA,1051.2,NA,NA,NA,NA,NA,NA,NA,NA,NA
1208.316983,767.908224,1029.0223519769568,675.5482388074647,605.1235084590436,NA,NA,NA,NA,NA,NA,1168.5046939088213,NA,NA,NA,NA,NA,NA,NA,NA,NA,NA,NA,NA,NA,NA,NA,NA,NA,NA,NA,NA,NA,NA,NA,NA,NA,1642.5,NA,NA,NA,1069,NA,NA,NA,NA,NA,NA,NA,NA,NA
1200.679312,768.9722341,928.9927588017134,519.8544594406021,622.6544509140138,NA,NA,NA,NA,NA,NA,1051.168574809832,NA,NA,NA,NA,NA,NA,NA,NA,NA,NA,NA,NA,NA,NA,NA,NA,NA,NA,NA,NA,NA,NA,NA,NA,NA,1746.5,NA,NA,NA,1078.7,NA,NA,NA,NA,NA,NA,NA,NA,NA
1167.166774,774.4338052,470.66920960376126,2757.885360691835,1019.5791516022285,NA,NA,NA,NA,NA,NA,949.1581987894775,NA,NA,NA,NA,NA,NA,NA,NA,NA,NA,NA,NA,NA,NA,NA,NA,NA,NA,NA,NA,NA,NA,NA,NA,NA,1810.5,NA,NA,NA,1604.3,NA,NA,NA,NA,NA,NA,NA,NA,NA
1165.916182,777.101731,433.20456246794873,2688.3137515012522,2001.2740134251158,NA,NA,NA,NA,NA,NA,912.0687880571371,NA,NA,NA,NA,NA,NA,NA,NA,NA,NA,NA,NA,NA,NA,NA,NA,NA,NA,NA,NA,NA,NA,NA,NA,NA,1762,NA,NA,NA,1761,NA,NA,NA,NA,NA,NA,NA,NA,NA
1150.345107,800.4449826,1905.1465131194725,627.905126096136,919.0310001908755,NA,NA,NA,NA,NA,NA,1079.1520820779103,NA,NA,NA,NA,NA,NA,NA,NA,NA,NA,NA,NA,NA,NA,NA,NA,NA,NA,NA,NA,NA,NA,NA,NA,NA,1744.5,NA,NA,NA,1783.7,NA,NA,NA,NA,NA,NA,NA,NA,NA
1149.421137,808.6354006,499.39746687495546,634.8061192687261,1068.376608809696,NA,NA,NA,NA,NA,NA,1097.0409735534872,NA,NA,NA,NA,NA,NA,NA,NA,NA,NA,NA,NA,NA,NA,NA,NA,NA,NA,NA,NA,NA,NA,NA,NA,NA,1795.3,NA,NA,NA,2703,NA,NA,NA,NA,NA,NA,NA,NA,NA
1142.039151,808.7921357,1103.918529599366,648.4070324425011,564.0744354959427,NA,NA,NA,NA,NA,NA,1214.8386979711365,NA,NA,NA,NA,NA,NA,NA,NA,NA,NA,NA,NA,NA,NA,NA,NA,NA,NA,NA,NA,NA,NA,NA,NA,NA,1843.1,NA,NA,NA,2777.1,NA,NA,NA,NA,NA,NA,NA,NA,NA
1053.848551,831.6588724,502.40808737648723,696.255042571039,1875.8351838446492,NA,NA,NA,NA,NA,NA,937.4467625576183,NA,NA,NA,NA,NA,NA,NA,NA,NA,NA,NA,NA,NA,NA,NA,NA,NA,NA,NA,NA,NA,NA,NA,NA,NA,2644.4,NA,NA,NA,2719.2,NA,NA,NA,NA,NA,NA,NA,NA,NA
1043.76997,843.6585959,954.158279363409,655.5909884640546,572.0580476186334,NA,NA,NA,NA,NA,NA,1290.4061111367675,NA,NA,NA,NA,NA,NA,NA,NA,NA,NA,NA,NA,NA,NA,NA,NA,NA,NA,NA,NA,NA,NA,NA,NA,NA,NA,NA,NA,NA,NA,NA,NA,NA,NA,NA,NA,NA,NA,NA
1026.713688,864.0742428,890.2487869171835,1264.0361099466145,1025.107988892533,NA,NA,NA,NA,NA,NA,1063.199979294639,NA,NA,NA,NA,NA,NA,NA,NA,NA,NA,NA,NA,NA,NA,NA,NA,NA,NA,NA,NA,NA,NA,NA,NA,NA,NA,NA,NA,NA,NA,NA,NA,NA,NA,NA,NA,NA,NA,NA
1016.04485,878.3012588,1222.744082547755,941.292179514104,545.3365903742125,NA,NA,NA,NA,NA,NA,1470.6592291258162,NA,NA,NA,NA,NA,NA,NA,NA,NA,NA,NA,NA,NA,NA,NA,NA,NA,NA,NA,NA,NA,NA,NA,NA,NA,NA,NA,NA,NA,NA,NA,NA,NA,NA,NA,NA,NA,NA,NA
1007.912364,889.4843237,1222.643973821243,1148.3274903533454,830.1242131811391,NA,NA,NA,NA,NA,NA,1096.7249560015857,NA,NA,NA,NA,NA,NA,NA,NA,NA,NA,NA,NA,NA,NA,NA,NA,NA,NA,NA,NA,NA,NA,NA,NA,NA,NA,NA,NA,NA,NA,NA,NA,NA,NA,NA,NA,NA,NA,NA
1006.190195,893.1938332,1739.866083633469,641.4402806322119,659.0513742448445,NA,NA,NA,NA,NA,NA,1456.4394466829654,NA,NA,NA,NA,NA,NA,NA,NA,NA,NA,NA,NA,NA,NA,NA,NA,NA,NA,NA,NA,NA,NA,NA,NA,NA,NA,NA,NA,NA,NA,NA,NA,NA,NA,NA,NA,NA,NA,NA
NA,895.7675798,1834.1935253913246,614.2268932521389,1059.1800530688206,NA,NA,NA,NA,NA,NA,1051.195771403539,NA,NA,NA,NA,NA,NA,NA,NA,NA,NA,NA,NA,NA,NA,NA,NA,NA,NA,NA,NA,NA,NA,NA,NA,NA,NA,NA,NA,NA,NA,NA,NA,NA,NA,NA,NA,NA,NA,NA
NA,905.8474661,1279.026998454319,925.3860787028136,1063.9280569519651,NA,NA,NA,NA,NA,NA,NA,NA,NA,NA,NA,NA,NA,NA,NA,NA,NA,NA,NA,NA,NA,NA,NA,NA,NA,NA,NA,NA,NA,NA,NA,NA,NA,NA,NA,NA,NA,NA,NA,NA,NA,NA,NA,NA,NA,NA
NA,908.8823833,431.2408970999438,539.3484574353606,1536.29293868184,NA,NA,NA,NA,NA,NA,NA,NA,NA,NA,NA,NA,NA,NA,NA,NA,NA,NA,NA,NA,NA,NA,NA,NA,NA,NA,NA,NA,NA,NA,NA,NA,NA,NA,NA,NA,NA,NA,NA,NA,NA,NA,NA,NA,NA,NA
NA,917.3318318,1864.8070658694876,552.8728479177094,547.3961786418557,NA,NA,NA,NA,NA,NA,NA,NA,NA,NA,NA,NA,NA,NA,NA,NA,NA,NA,NA,NA,NA,NA,NA,NA,NA,NA,NA,NA,NA,NA,NA,NA,NA,NA,NA,NA,NA,NA,NA,NA,NA,NA,NA,NA,NA,NA
NA,923.9381337,499.21913370352803,610.9834275960748,812.9251640297774,NA,NA,NA,NA,NA,NA,NA,NA,NA,NA,NA,NA,NA,NA,NA,NA,NA,NA,NA,NA,NA,NA,NA,NA,NA,NA,NA,NA,NA,NA,NA,NA,NA,NA,NA,NA,NA,NA,NA,NA,NA,NA,NA,NA,NA,NA
NA,933.1395984,1013.8978449622516,603.7032945039671,1574.960875627522,NA,NA,NA,NA,NA,NA,NA,NA,NA,NA,NA,NA,NA,NA,NA,NA,NA,NA,NA,NA,NA,NA,NA,NA,NA,NA,NA,NA,NA,NA,NA,NA,NA,NA,NA,NA,NA,NA,NA,NA,NA,NA,NA,NA,NA,NA
NA,950.4203809,996.6660645668371,1066.1184120382582,637.4450130461822,NA,NA,NA,NA,NA,NA,NA,NA,NA,NA,NA,NA,NA,NA,NA,NA,NA,NA,NA,NA,NA,NA,NA,NA,NA,NA,NA,NA,NA,NA,NA,NA,NA,NA,NA,NA,NA,NA,NA,NA,NA,NA,NA,NA,NA,NA
NA,951.0129597,1237.5582511637022,2582.6208869474094,601.3797809608063,NA,NA,NA,NA,NA,NA,NA,NA,NA,NA,NA,NA,NA,NA,NA,NA,NA,NA,NA,NA,NA,NA,NA,NA,NA,NA,NA,NA,NA,NA,NA,NA,NA,NA,NA,NA,NA,NA,NA,NA,NA,NA,NA,NA,NA,NA
NA,952.6284179,1166.150381925697,949.751146364513,997.2099205584656,NA,NA,NA,NA,NA,NA,NA,NA,NA,NA,NA,NA,NA,NA,NA,NA,NA,NA,NA,NA,NA,NA,NA,NA,NA,NA,NA,NA,NA,NA,NA,NA,NA,NA,NA,NA,NA,NA,NA,NA,NA,NA,NA,NA,NA,NA
NA,959.8115511,489.2682920182464,568.0185961085937,1209.960359257562,NA,NA,NA,NA,NA,NA,NA,NA,NA,NA,NA,NA,NA,NA,NA,NA,NA,NA,NA,NA,NA,NA,NA,NA,NA,NA,NA,NA,NA,NA,NA,NA,NA,NA,NA,NA,NA,NA,NA,NA,NA,NA,NA,NA,NA,NA
NA,961.3986792,1478.0334830321324,562.2844952677069,2026.528699784269,NA,NA,NA,NA,NA,NA,NA,NA,NA,NA,NA,NA,NA,NA,NA,NA,NA,NA,NA,NA,NA,NA,NA,NA,NA,NA,NA,NA,NA,NA,NA,NA,NA,NA,NA,NA,NA,NA,NA,NA,NA,NA,NA,NA,NA,NA
NA,964.1654457,1176.2935359249798,551.6403499473511,550.7867870145865,NA,NA,NA,NA,NA,NA,NA,NA,NA,NA,NA,NA,NA,NA,NA,NA,NA,NA,NA,NA,NA,NA,NA,NA,NA,NA,NA,NA,NA,NA,NA,NA,NA,NA,NA,NA,NA,NA,NA,NA,NA,NA,NA,NA,NA,NA
NA,966.4639919,487.98501409961136,2692.0280262767824,NA,NA,NA,NA,NA,NA,NA,NA,NA,NA,NA,NA,NA,NA,NA,NA,NA,NA,NA,NA,NA,NA,NA,NA,NA,NA,NA,NA,NA,NA,NA,NA,NA,NA,NA,NA,NA,NA,NA,NA,NA,NA,NA,NA,NA,NA,NA
NA,972.2405484,996.2161492660098,694.395318775,NA,NA,NA,NA,NA,NA,NA,NA,NA,NA,NA,NA,NA,NA,NA,NA,NA,NA,NA,NA,NA,NA,NA,NA,NA,NA,NA,NA,NA,NA,NA,NA,NA,NA,NA,NA,NA,NA,NA,NA,NA,NA,NA,NA,NA,NA,NA
NA,991.3881023,1213.4265004335189,1256.8565939672797,NA,NA,NA,NA,NA,NA,NA,NA,NA,NA,NA,NA,NA,NA,NA,NA,NA,NA,NA,NA,NA,NA,NA,NA,NA,NA,NA,NA,NA,NA,NA,NA,NA,NA,NA,NA,NA,NA,NA,NA,NA,NA,NA,NA,NA,NA,NA
NA,3039.648914,1856.7611193980583,1199.6114873240522,NA,NA,NA,NA,NA,NA,NA,NA,NA,NA,NA,NA,NA,NA,NA,NA,NA,NA,NA,NA,NA,NA,NA,NA,NA,NA,NA,NA,NA,NA,NA,NA,NA,NA,NA,NA,NA,NA,NA,NA,NA,NA,NA,NA,NA,NA,NA
NA,2810.529444,1718.1996683156963,1124.4110992352814,NA,NA,NA,NA,NA,NA,NA,NA,NA,NA,NA,NA,NA,NA,NA,NA,NA,NA,NA,NA,NA,NA,NA,NA,NA,NA,NA,NA,NA,NA,NA,NA,NA,NA,NA,NA,NA,NA,NA,NA,NA,NA,NA,NA,NA,NA,NA
NA,2703.762676,NA,1099.6571725244264,NA,NA,NA,NA,NA,NA,NA,NA,NA,NA,NA,NA,NA,NA,NA,NA,NA,NA,NA,NA,NA,NA,NA,NA,NA,NA,NA,NA,NA,NA,NA,NA,NA,NA,NA,NA,NA,NA,NA,NA,NA,NA,NA,NA,NA,NA,NA
NA,2663.966551,NA,637.9263119047736,NA,NA,NA,NA,NA,NA,NA,NA,NA,NA,NA,NA,NA,NA,NA,NA,NA,NA,NA,NA,NA,NA,NA,NA,NA,NA,NA,NA,NA,NA,NA,NA,NA,NA,NA,NA,NA,NA,NA,NA,NA,NA,NA,NA,NA,NA,NA
NA,2631.342983,NA,660.0635011801102,NA,NA,NA,NA,NA,NA,NA,NA,NA,NA,NA,NA,NA,NA,NA,NA,NA,NA,NA,NA,NA,NA,NA,NA,NA,NA,NA,NA,NA,NA,NA,NA,NA,NA,NA,NA,NA,NA,NA,NA,NA,NA,NA,NA,NA,NA,NA
NA,1811.913911,NA,645.4132782005215,NA,NA,NA,NA,NA,NA,NA,NA,NA,NA,NA,NA,NA,NA,NA,NA,NA,NA,NA,NA,NA,NA,NA,NA,NA,NA,NA,NA,NA,NA,NA,NA,NA,NA,NA,NA,NA,NA,NA,NA,NA,NA,NA,NA,NA,NA,NA
NA,1785.687554,NA,669.1737017579816,NA,NA,NA,NA,NA,NA,NA,NA,NA,NA,NA,NA,NA,NA,NA,NA,NA,NA,NA,NA,NA,NA,NA,NA,NA,NA,NA,NA,NA,NA,NA,NA,NA,NA,NA,NA,NA,NA,NA,NA,NA,NA,NA,NA,NA,NA,NA
NA,1707.25059,NA,938.6109667267835,NA,NA,NA,NA,NA,NA,NA,NA,NA,NA,NA,NA,NA,NA,NA,NA,NA,NA,NA,NA,NA,NA,NA,NA,NA,NA,NA,NA,NA,NA,NA,NA,NA,NA,NA,NA,NA,NA,NA,NA,NA,NA,NA,NA,NA,NA,NA
NA,1654.531145,NA,962.1353026165443,NA,NA,NA,NA,NA,NA,NA,NA,NA,NA,NA,NA,NA,NA,NA,NA,NA,NA,NA,NA,NA,NA,NA,NA,NA,NA,NA,NA,NA,NA,NA,NA,NA,NA,NA,NA,NA,NA,NA,NA,NA,NA,NA,NA,NA,NA,NA
NA,1415.669762,NA,1333.2555921524956,NA,NA,NA,NA,NA,NA,NA,NA,NA,NA,NA,NA,NA,NA,NA,NA,NA,NA,NA,NA,NA,NA,NA,NA,NA,NA,NA,NA,NA,NA,NA,NA,NA,NA,NA,NA,NA,NA,NA,NA,NA,NA,NA,NA,NA,NA,NA
NA,1352.872336,NA,1317.3640973837569,NA,NA,NA,NA,NA,NA,NA,NA,NA,NA,NA,NA,NA,NA,NA,NA,NA,NA,NA,NA,NA,NA,NA,NA,NA,NA,NA,NA,NA,NA,NA,NA,NA,NA,NA,NA,NA,NA,NA,NA,NA,NA,NA,NA,NA,NA,NA
NA,1245.430479,NA,610.4989686404795,NA,NA,NA,NA,NA,NA,NA,NA,NA,NA,NA,NA,NA,NA,NA,NA,NA,NA,NA,NA,NA,NA,NA,NA,NA,NA,NA,NA,NA,NA,NA,NA,NA,NA,NA,NA,NA,NA,NA,NA,NA,NA,NA,NA,NA,NA,NA
NA,1233.52852,NA,706.3482982892729,NA,NA,NA,NA,NA,NA,NA,NA,NA,NA,NA,NA,NA,NA,NA,NA,NA,NA,NA,NA,NA,NA,NA,NA,NA,NA,NA,NA,NA,NA,NA,NA,NA,NA,NA,NA,NA,NA,NA,NA,NA,NA,NA,NA,NA,NA,NA
NA,1221.859343,NA,667.3767639410484,NA,NA,NA,NA,NA,NA,NA,NA,NA,NA,NA,NA,NA,NA,NA,NA,NA,NA,NA,NA,NA,NA,NA,NA,NA,NA,NA,NA,NA,NA,NA,NA,NA,NA,NA,NA,NA,NA,NA,NA,NA,NA,NA,NA,NA,NA,NA
NA,1213.866862,NA,1269.8182555311514,NA,NA,NA,NA,NA,NA,NA,NA,NA,NA,NA,NA,NA,NA,NA,NA,NA,NA,NA,NA,NA,NA,NA,NA,NA,NA,NA,NA,NA,NA,NA,NA,NA,NA,NA,NA,NA,NA,NA,NA,NA,NA,NA,NA,NA,NA,NA
NA,1153.758329,NA,1258.322764651495,NA,NA,NA,NA,NA,NA,NA,NA,NA,NA,NA,NA,NA,NA,NA,NA,NA,NA,NA,NA,NA,NA,NA,NA,NA,NA,NA,NA,NA,NA,NA,NA,NA,NA,NA,NA,NA,NA,NA,NA,NA,NA,NA,NA,NA,NA,NA
NA,1119.889658,NA,1274.765980895939,NA,NA,NA,NA,NA,NA,NA,NA,NA,NA,NA,NA,NA,NA,NA,NA,NA,NA,NA,NA,NA,NA,NA,NA,NA,NA,NA,NA,NA,NA,NA,NA,NA,NA,NA,NA,NA,NA,NA,NA,NA,NA,NA,NA,NA,NA,NA
NA,1107.5452990000001,NA,576.601694022705,NA,NA,NA,NA,NA,NA,NA,NA,NA,NA,NA,NA,NA,NA,NA,NA,NA,NA,NA,NA,NA,NA,NA,NA,NA,NA,NA,NA,NA,NA,NA,NA,NA,NA,NA,NA,NA,NA,NA,NA,NA,NA,NA,NA,NA,NA,NA
NA,1100.554093,NA,524.1235530249578,NA,NA,NA,NA,NA,NA,NA,NA,NA,NA,NA,NA,NA,NA,NA,NA,NA,NA,NA,NA,NA,NA,NA,NA,NA,NA,NA,NA,NA,NA,NA,NA,NA,NA,NA,NA,NA,NA,NA,NA,NA,NA,NA,NA,NA,NA,NA
NA,1096.859683,NA,508.8142257572681,NA,NA,NA,NA,NA,NA,NA,NA,NA,NA,NA,NA,NA,NA,NA,NA,NA,NA,NA,NA,NA,NA,NA,NA,NA,NA,NA,NA,NA,NA,NA,NA,NA,NA,NA,NA,NA,NA,NA,NA,NA,NA,NA,NA,NA,NA,NA
NA,1090.439904,NA,581.1295482455347,NA,NA,NA,NA,NA,NA,NA,NA,NA,NA,NA,NA,NA,NA,NA,NA,NA,NA,NA,NA,NA,NA,NA,NA,NA,NA,NA,NA,NA,NA,NA,NA,NA,NA,NA,NA,NA,NA,NA,NA,NA,NA,NA,NA,NA,NA,NA
NA,1085.610331,NA,938.721079039429,NA,NA,NA,NA,NA,NA,NA,NA,NA,NA,NA,NA,NA,NA,NA,NA,NA,NA,NA,NA,NA,NA,NA,NA,NA,NA,NA,NA,NA,NA,NA,NA,NA,NA,NA,NA,NA,NA,NA,NA,NA,NA,NA,NA,NA,NA,NA
NA,1083.60222,NA,1024.4876096719215,NA,NA,NA,NA,NA,NA,NA,NA,NA,NA,NA,NA,NA,NA,NA,NA,NA,NA,NA,NA,NA,NA,NA,NA,NA,NA,NA,NA,NA,NA,NA,NA,NA,NA,NA,NA,NA,NA,NA,NA,NA,NA,NA,NA,NA,NA,NA
NA,1081.985237,NA,2089.146420146484,NA,NA,NA,NA,NA,NA,NA,NA,NA,NA,NA,NA,NA,NA,NA,NA,NA,NA,NA,NA,NA,NA,NA,NA,NA,NA,NA,NA,NA,NA,NA,NA,NA,NA,NA,NA,NA,NA,NA,NA,NA,NA,NA,NA,NA,NA,NA
NA,1061.530836,NA,613.6625386820757,NA,NA,NA,NA,NA,NA,NA,NA,NA,NA,NA,NA,NA,NA,NA,NA,NA,NA,NA,NA,NA,NA,NA,NA,NA,NA,NA,NA,NA,NA,NA,NA,NA,NA,NA,NA,NA,NA,NA,NA,NA,NA,NA,NA,NA,NA,NA
NA,1051.42536,NA,670.5491684199391,NA,NA,NA,NA,NA,NA,NA,NA,NA,NA,NA,NA,NA,NA,NA,NA,NA,NA,NA,NA,NA,NA,NA,NA,NA,NA,NA,NA,NA,NA,NA,NA,NA,NA,NA,NA,NA,NA,NA,NA,NA,NA,NA,NA,NA,NA,NA
NA,1046.8715,NA,1094.435556366667,NA,NA,NA,NA,NA,NA,NA,NA,NA,NA,NA,NA,NA,NA,NA,NA,NA,NA,NA,NA,NA,NA,NA,NA,NA,NA,NA,NA,NA,NA,NA,NA,NA,NA,NA,NA,NA,NA,NA,NA,NA,NA,NA,NA,NA,NA,NA
NA,1043.394925,NA,1160.0525079813733,NA,NA,NA,NA,NA,NA,NA,NA,NA,NA,NA,NA,NA,NA,NA,NA,NA,NA,NA,NA,NA,NA,NA,NA,NA,NA,NA,NA,NA,NA,NA,NA,NA,NA,NA,NA,NA,NA,NA,NA,NA,NA,NA,NA,NA,NA,NA
NA,1040.136209,NA,2759.2954732782523,NA,NA,NA,NA,NA,NA,NA,NA,NA,NA,NA,NA,NA,NA,NA,NA,NA,NA,NA,NA,NA,NA,NA,NA,NA,NA,NA,NA,NA,NA,NA,NA,NA,NA,NA,NA,NA,NA,NA,NA,NA,NA,NA,NA,NA,NA,NA
NA,1037.940446,NA,1140.002045179053,NA,NA,NA,NA,NA,NA,NA,NA,NA,NA,NA,NA,NA,NA,NA,NA,NA,NA,NA,NA,NA,NA,NA,NA,NA,NA,NA,NA,NA,NA,NA,NA,NA,NA,NA,NA,NA,NA,NA,NA,NA,NA,NA,NA,NA,NA,NA
NA,1033.078454,NA,519.9017058696489,NA,NA,NA,NA,NA,NA,NA,NA,NA,NA,NA,NA,NA,NA,NA,NA,NA,NA,NA,NA,NA,NA,NA,NA,NA,NA,NA,NA,NA,NA,NA,NA,NA,NA,NA,NA,NA,NA,NA,NA,NA,NA,NA,NA,NA,NA,NA
NA,1029.18337,NA,535.37855236261,NA,NA,NA,NA,NA,NA,NA,NA,NA,NA,NA,NA,NA,NA,NA,NA,NA,NA,NA,NA,NA,NA,NA,NA,NA,NA,NA,NA,NA,NA,NA,NA,NA,NA,NA,NA,NA,NA,NA,NA,NA,NA,NA,NA,NA,NA,NA
NA,1024.685586,NA,1654.770770637115,NA,NA,NA,NA,NA,NA,NA,NA,NA,NA,NA,NA,NA,NA,NA,NA,NA,NA,NA,NA,NA,NA,NA,NA,NA,NA,NA,NA,NA,NA,NA,NA,NA,NA,NA,NA,NA,NA,NA,NA,NA,NA,NA,NA,NA,NA,NA
NA,1021.950454,NA,923.871350175431,NA,NA,NA,NA,NA,NA,NA,NA,NA,NA,NA,NA,NA,NA,NA,NA,NA,NA,NA,NA,NA,NA,NA,NA,NA,NA,NA,NA,NA,NA,NA,NA,NA,NA,NA,NA,NA,NA,NA,NA,NA,NA,NA,NA,NA,NA,NA
NA,1016.768497,NA,653.7353045000012,NA,NA,NA,NA,NA,NA,NA,NA,NA,NA,NA,NA,NA,NA,NA,NA,NA,NA,NA,NA,NA,NA,NA,NA,NA,NA,NA,NA,NA,NA,NA,NA,NA,NA,NA,NA,NA,NA,NA,NA,NA,NA,NA,NA,NA,NA,NA
NA,1012.473255,NA,619.405871423216,NA,NA,NA,NA,NA,NA,NA,NA,NA,NA,NA,NA,NA,NA,NA,NA,NA,NA,NA,NA,NA,NA,NA,NA,NA,NA,NA,NA,NA,NA,NA,NA,NA,NA,NA,NA,NA,NA,NA,NA,NA,NA,NA,NA,NA,NA,NA
NA,1011.710889,NA,604.741360278234,NA,NA,NA,NA,NA,NA,NA,NA,NA,NA,NA,NA,NA,NA,NA,NA,NA,NA,NA,NA,NA,NA,NA,NA,NA,NA,NA,NA,NA,NA,NA,NA,NA,NA,NA,NA,NA,NA,NA,NA,NA,NA,NA,NA,NA,NA,NA
NA,1011.636987,NA,665.5007427327225,NA,NA,NA,NA,NA,NA,NA,NA,NA,NA,NA,NA,NA,NA,NA,NA,NA,NA,NA,NA,NA,NA,NA,NA,NA,NA,NA,NA,NA,NA,NA,NA,NA,NA,NA,NA,NA,NA,NA,NA,NA,NA,NA,NA,NA,NA,NA
NA,NA,NA,602.4769333530779,NA,NA,NA,NA,NA,NA,NA,NA,NA,NA,NA,NA,NA,NA,NA,NA,NA,NA,NA,NA,NA,NA,NA,NA,NA,NA,NA,NA,NA,NA,NA,NA,NA,NA,NA,NA,NA,NA,NA,NA,NA,NA,NA,NA,NA,NA,NA
NA,NA,NA,604.1054180237961,NA,NA,NA,NA,NA,NA,NA,NA,NA,NA,NA,NA,NA,NA,NA,NA,NA,NA,NA,NA,NA,NA,NA,NA,NA,NA,NA,NA,NA,NA,NA,NA,NA,NA,NA,NA,NA,NA,NA,NA,NA,NA,NA,NA,NA,NA,NA
NA,NA,NA,1192.8500570866977,NA,NA,NA,NA,NA,NA,NA,NA,NA,NA,NA,NA,NA,NA,NA,NA,NA,NA,NA,NA,NA,NA,NA,NA,NA,NA,NA,NA,NA,NA,NA,NA,NA,NA,NA,NA,NA,NA,NA,NA,NA,NA,NA,NA,NA,NA,NA
NA,NA,NA,609.9714703141764,NA,NA,NA,NA,NA,NA,NA,NA,NA,NA,NA,NA,NA,NA,NA,NA,NA,NA,NA,NA,NA,NA,NA,NA,NA,NA,NA,NA,NA,NA,NA,NA,NA,NA,NA,NA,NA,NA,NA,NA,NA,NA,NA,NA,NA,NA,NA
NA,NA,NA,1750.9235938910958,NA,NA,NA,NA,NA,NA,NA,NA,NA,NA,NA,NA,NA,NA,NA,NA,NA,NA,NA,NA,NA,NA,NA,NA,NA,NA,NA,NA,NA,NA,NA,NA,NA,NA,NA,NA,NA,NA,NA,NA,NA,NA,NA,NA,NA,NA,NA
NA,NA,NA,560.6735841453051,NA,NA,NA,NA,NA,NA,NA,NA,NA,NA,NA,NA,NA,NA,NA,NA,NA,NA,NA,NA,NA,NA,NA,NA,NA,NA,NA,NA,NA,NA,NA,NA,NA,NA,NA,NA,NA,NA,NA,NA,NA,NA,NA,NA,NA,NA,NA
NA,NA,NA,1375.6694545912726,NA,NA,NA,NA,NA,NA,NA,NA,NA,NA,NA,NA,NA,NA,NA,NA,NA,NA,NA,NA,NA,NA,NA,NA,NA,NA,NA,NA,NA,NA,NA,NA,NA,NA,NA,NA,NA,NA,NA,NA,NA,NA,NA,NA,NA,NA,NA
NA,NA,NA,1094.5417392298316,NA,NA,NA,NA,NA,NA,NA,NA,NA,NA,NA,NA,NA,NA,NA,NA,NA,NA,NA,NA,NA,NA,NA,NA,NA,NA,NA,NA,NA,NA,NA,NA,NA,NA,NA,NA,NA,NA,NA,NA,NA,NA,NA,NA,NA,NA,NA
NA,NA,NA,1048.4577193898,NA,NA,NA,NA,NA,NA,NA,NA,NA,NA,NA,NA,NA,NA,NA,NA,NA,NA,NA,NA,NA,NA,NA,NA,NA,NA,NA,NA,NA,NA,NA,NA,NA,NA,NA,NA,NA,NA,NA,NA,NA,NA,NA,NA,NA,NA,NA
NA,NA,NA,1027.0204617110562,NA,NA,NA,NA,NA,NA,NA,NA,NA,NA,NA,NA,NA,NA,NA,NA,NA,NA,NA,NA,NA,NA,NA,NA,NA,NA,NA,NA,NA,NA,NA,NA,NA,NA,NA,NA,NA,NA,NA,NA,NA,NA,NA,NA,NA,NA,NA
NA,NA,NA,833.4512947659797,NA,NA,NA,NA,NA,NA,NA,NA,NA,NA,NA,NA,NA,NA,NA,NA,NA,NA,NA,NA,NA,NA,NA,NA,NA,NA,NA,NA,NA,NA,NA,NA,NA,NA,NA,NA,NA,NA,NA,NA,NA,NA,NA,NA,NA,NA,NA
